{"stats":{"minecraft:crafted":{"minecraft:oak_planks":44,"minecraft:crafting_table":3,"minecraft:wooden_pickaxe":1,"minecraft:iron_helmet":1,"minecraft:furnace":1,"minecraft:stone_axe":1,"minecraft:bread":72,"minecraft:air":0,"minecraft:iron_chestplate":1,"minecraft:iron_boots":1,"minecraft:stick":40,"minecraft:iron_ingot":24,"minecraft:stone_pickaxe":3,"minecraft:stone_sword":2,"minecraft:iron_leggings":1,"minecraft:acacia_planks":8,"minecraft:torch":32,"minecraft:wheat":216},"minecraft:dropped":{"minecraft:wheat_seeds":63,"minecraft:melon_slice":10,"minecraft:golden_leggings":1,"minecraft:wooden_pickaxe":2},"minecraft:picked_up":{"minecraft:crafting_table":2,"minecraft:wheat":61,"minecraft:andesite":17,"minecraft:golden_leggings":1,"minecraft:wooden_pickaxe":1,"minecraft:acacia_wood":1,"minecraft:filled_map":1,"minecraft:oak_log":11,"minecraft:map":1,"minecraft:lapis_lazuli":18,"minecraft:acacia_door":1,"minecraft:acacia_planks":24,"minecraft:wheat_seeds":228,"minecraft:melon_slice":52,"minecraft:acacia_sapling":1,"minecraft:raw_iron":32,"minecraft:acacia_log":2,"minecraft:torch":11,"minecraft:gravel":30,"minecraft:dripstone_block":14,"minecraft:porkchop":5,"minecraft:pointed_dripstone":3,"minecraft:orange_bed":2,"minecraft:arrow":2,"minecraft:rotten_flesh":1,"minecraft:hay_block":24,"minecraft:acacia_slab":4,"minecraft:oak_sapling":1,"minecraft:brown_banner":1,"minecraft:mutton":3,"minecraft:coal":40,"minecraft:cobblestone":112,"minecraft:white_wool":2},"minecraft:broken":{"minecraft:stone_pickaxe":1},"minecraft:used":{"minecraft:wheat_seeds":36,"minecraft:stone_sword":37,"minecraft:stone_pickaxe":188,"minecraft:oak_planks":5,"minecraft:wooden_pickaxe":28,"minecraft:iron_chestplate":1,"minecraft:orange_bed":1,"minecraft:white_wool":1,"minecraft:torch":23,"minecraft:crafting_table":4,"minecraft:brown_banner":1,"minecraft:bread":19,"minecraft:melon_slice":15,"minecraft:acacia_slab":4,"minecraft:iron_helmet":1,"minecraft:iron_boots":1,"minecraft:golden_leggings":1,"minecraft:stone_axe":42,"minecraft:cobblestone":18,"minecraft:furnace":1,"minecraft:iron_leggings":1},"minecraft:mined":{"minecraft:crafting_table":2,"minecraft:clay":1,"minecraft:torch":10,"minecraft:acacia_log":2,"minecraft:melon":10,"minecraft:cobblestone":4,"minecraft:acacia_slab":2,"minecraft:lapis_ore":3,"minecraft:wall_torch":1,"minecraft:hay_block":22,"minecraft:fire":11,"minecraft:iron_ore":8,"minecraft:wheat":73,"minecraft:andesite":17,"minecraft:grass":17,"minecraft:oak_log":11,"minecraft:coal_ore":35,"minecraft:dripstone_block":17,"minecraft:gravel":10,"minecraft:acacia_door":1,"minecraft:stone":105,"minecraft:oak_leaves":1},"minecraft:killed_by":{"minecraft:zombie":1},"minecraft:custom":{"minecraft:interact_with_furnace":23,"minecraft:mob_kills":12,"minecraft:interact_with_cartography_table":1,"minecraft:interact_with_crafting_table":16,"minecraft:bell_ring":1,"minecraft:time_since_death":30765,"minecraft:sleep_in_bed":2,"minecraft:time_since_rest":3692,"minecraft:sprint_one_cm":159812,"minecraft:damage_taken":1278,"minecraft:walk_one_cm":246474,"minecraft:drop":26,"minecraft:damage_dealt":2845,"minecraft:talked_to_villager":3,"minecraft:fly_one_cm":166612,"minecraft:player_kills":2,"minecraft:open_chest":3,"minecraft:crouch_one_cm":11941,"minecraft:play_time":60934,"minecraft:deaths":1,"minecraft:sneak_time":4082,"minecraft:jump":879,"minecraft:walk_on_water_one_cm":1773,"minecraft:total_world_time":60934,"minecraft:fall_one_cm":14349},"minecraft:killed":{"minecraft:pig":1,"minecraft:sheep":2,"minecraft:skeleton":1,"minecraft:zombie":7}},"DataVersion":3578}