{"stats":{"minecraft:crafted":{"minecraft:oak_planks":24,"minecraft:crafting_table":1,"minecraft:stick":8,"minecraft:wooden_pickaxe":1,"minecraft:stone_pickaxe":1,"minecraft:stone_sword":1,"minecraft:stone_axe":1,"minecraft:bread":42,"minecraft:wheat":153},"minecraft:dropped":{"minecraft:wooden_pickaxe":2},"minecraft:picked_up":{"minecraft:crafting_table":1,"minecraft:torch":1,"minecraft:wooden_pickaxe":1,"minecraft:acacia_wood":1,"minecraft:filled_map":1,"minecraft:porkchop":3,"minecraft:oak_log":6,"minecraft:map":1,"minecraft:acacia_door":1,"minecraft:orange_bed":1,"minecraft:arrow":2,"minecraft:acacia_planks":24,"minecraft:wheat_seeds":1,"minecraft:hay_block":17,"minecraft:melon_slice":49,"minecraft:coal":7,"minecraft:mutton":2,"minecraft:acacia_sapling":1,"minecraft:white_wool":1,"minecraft:cobblestone":27},"minecraft:used":{"minecraft:stone_sword":3,"minecraft:bread":4,"minecraft:melon_slice":15,"minecraft:stone_pickaxe":13,"minecraft:wooden_pickaxe":28,"minecraft:stone_axe":41,"minecraft:cobblestone":4,"minecraft:crafting_table":1},"minecraft:mined":{"minecraft:hay_block":17,"minecraft:crafting_table":1,"minecraft:clay":1,"minecraft:torch":2,"minecraft:grass":4,"minecraft:coal_ore":8,"minecraft:oak_log":6,"minecraft:melon":9,"minecraft:acacia_door":1,"minecraft:cobblestone":2,"minecraft:stone":27},"minecraft:custom":{"minecraft:time_since_rest":18995,"minecraft:sprint_one_cm":69955,"minecraft:damage_taken":488,"minecraft:walk_one_cm":61828,"minecraft:mob_kills":2,"minecraft:drop":2,"minecraft:damage_dealt":954,"minecraft:interact_with_crafting_table":4,"minecraft:fly_one_cm":111511,"minecraft:player_kills":2,"minecraft:open_chest":3,"minecraft:crouch_one_cm":3413,"minecraft:play_time":18995,"minecraft:bell_ring":1,"minecraft:sneak_time":1656,"minecraft:jump":388,"minecraft:time_since_death":18995,"minecraft:walk_on_water_one_cm":912,"minecraft:total_world_time":18995,"minecraft:fall_one_cm":3405},"minecraft:killed":{"minecraft:sheep":1,"minecraft:skeleton":1}},"DataVersion":3578}