{"stats":{"minecraft:crafted":{"minecraft:oak_planks":44,"minecraft:crafting_table":3,"minecraft:wooden_pickaxe":1,"minecraft:iron_helmet":1,"minecraft:furnace":1,"minecraft:stone_axe":1,"minecraft:bread":72,"minecraft:air":0,"minecraft:iron_chestplate":1,"minecraft:iron_boots":1,"minecraft:stick":40,"minecraft:iron_ingot":24,"minecraft:stone_pickaxe":3,"minecraft:stone_sword":2,"minecraft:iron_leggings":1,"minecraft:acacia_planks":8,"minecraft:torch":32,"minecraft:wheat":216},"minecraft:dropped":{"minecraft:wheat_seeds":63,"minecraft:iron_helmet":1,"minecraft:iron_boots":1,"minecraft:iron_chestplate":1,"minecraft:melon_slice":10,"minecraft:golden_leggings":1,"minecraft:iron_leggings":1,"minecraft:wooden_pickaxe":2},"minecraft:picked_up":{"minecraft:iron_chestplate":2,"minecraft:crafting_table":2,"minecraft:wheat":259,"minecraft:andesite":33,"minecraft:golden_leggings":2,"minecraft:wooden_pickaxe":4,"minecraft:acacia_wood":1,"minecraft:filled_map":1,"minecraft:oak_log":11,"minecraft:map":1,"minecraft:lapis_lazuli":18,"minecraft:dirt":25,"minecraft:acacia_door":1,"minecraft:iron_leggings":2,"minecraft:bone":2,"minecraft:acacia_planks":26,"minecraft:diamond_leggings":1,"minecraft:wheat_seeds":431,"minecraft:stone_pickaxe":1,"minecraft:iron_nugget":3,"minecraft:iron_pickaxe":2,"minecraft:diamond_helmet":1,"minecraft:melon_slice":63,"minecraft:acacia_sapling":1,"minecraft:iron_boots":1,"minecraft:stick":9,"minecraft:raw_iron":34,"minecraft:acacia_fence":4,"minecraft:acacia_log":2,"minecraft:torch":16,"minecraft:gravel":30,"minecraft:dripstone_block":14,"minecraft:porkchop":7,"minecraft:pointed_dripstone":3,"minecraft:golden_chestplate":1,"minecraft:orange_bed":3,"minecraft:stone_sword":1,"minecraft:arrow":2,"minecraft:diamond_chestplate":1,"minecraft:rotten_flesh":1,"minecraft:stone_axe":1,"minecraft:diamond_boots":1,"minecraft:hay_block":24,"minecraft:bread":11,"minecraft:acacia_slab":4,"minecraft:oak_sapling":1,"minecraft:brown_banner":4,"minecraft:obsidian":2,"minecraft:mutton":3,"minecraft:coal":54,"minecraft:cobblestone":138,"minecraft:white_wool":3},"minecraft:broken":{"minecraft:stone_pickaxe":1},"minecraft:used":{"minecraft:wheat_seeds":36,"minecraft:stone_sword":48,"minecraft:stone_pickaxe":194,"minecraft:oak_planks":5,"minecraft:wooden_pickaxe":28,"minecraft:iron_chestplate":1,"minecraft:orange_bed":1,"minecraft:white_wool":1,"minecraft:torch":23,"minecraft:dirt":3,"minecraft:crafting_table":4,"minecraft:brown_banner":1,"minecraft:bread":33,"minecraft:melon_slice":15,"minecraft:acacia_slab":4,"minecraft:iron_helmet":1,"minecraft:iron_boots":1,"minecraft:golden_leggings":1,"minecraft:stone_axe":61,"minecraft:cobblestone":30,"minecraft:furnace":1,"minecraft:iron_leggings":3},"minecraft:mined":{"minecraft:crafting_table":2,"minecraft:clay":1,"minecraft:torch":10,"minecraft:acacia_log":2,"minecraft:grass_block":2,"minecraft:melon":12,"minecraft:cobblestone":5,"minecraft:acacia_slab":2,"minecraft:lapis_ore":3,"minecraft:wall_torch":1,"minecraft:hay_block":22,"minecraft:fire":11,"minecraft:iron_ore":8,"minecraft:wheat":74,"minecraft:andesite":17,"minecraft:dirt_path":1,"minecraft:grass":25,"minecraft:oak_log":11,"minecraft:coal_ore":35,"minecraft:dirt":3,"minecraft:dripstone_block":17,"minecraft:gravel":10,"minecraft:acacia_door":1,"minecraft:stone":105,"minecraft:oak_leaves":1},"minecraft:killed_by":{"minecraft:player":3,"minecraft:zombie":1},"minecraft:custom":{"minecraft:interact_with_furnace":23,"minecraft:mob_kills":12,"minecraft:interact_with_cartography_table":1,"minecraft:interact_with_crafting_table":17,"minecraft:bell_ring":27,"minecraft:leave_game":1,"minecraft:time_since_death":2608,"minecraft:sleep_in_bed":6,"minecraft:time_since_rest":1198,"minecraft:sprint_one_cm":224569,"minecraft:damage_taken":2842,"minecraft:walk_one_cm":327582,"minecraft:drop":30,"minecraft:damage_dealt":4076,"minecraft:talked_to_villager":3,"minecraft:fly_one_cm":242723,"minecraft:player_kills":5,"minecraft:open_chest":3,"minecraft:crouch_one_cm":12162,"minecraft:play_time":77718,"minecraft:deaths":4,"minecraft:sneak_time":4272,"minecraft:jump":1322,"minecraft:walk_on_water_one_cm":5892,"minecraft:total_world_time":77718,"minecraft:fall_one_cm":21115},"minecraft:killed":{"minecraft:pig":1,"minecraft:sheep":2,"minecraft:skeleton":1,"minecraft:zombie":7}},"DataVersion":3578}