{"stats":{"minecraft:crafted":{"minecraft:stone_sword":1,"minecraft:oak_planks":24,"minecraft:stone_axe":1,"minecraft:stick":8,"minecraft:stone_pickaxe":1,"minecraft:wooden_pickaxe":1},"minecraft:dropped":{"minecraft:wooden_pickaxe":2},"minecraft:picked_up":{"minecraft:wooden_pickaxe":1,"minecraft:oak_log":6,"minecraft:melon_slice":42,"minecraft:acacia_sapling":1,"minecraft:mutton":2,"minecraft:white_wool":1,"minecraft:cobblestone":27},"minecraft:used":{"minecraft:stone_axe":9,"minecraft:wooden_pickaxe":28},"minecraft:mined":{"minecraft:grass":2,"minecraft:oak_log":6,"minecraft:melon":9,"minecraft:stone":27,"minecraft:clay":1},"minecraft:custom":{"minecraft:open_chest":2,"minecraft:time_since_rest":6995,"minecraft:crouch_one_cm":537,"minecraft:play_time":6995,"minecraft:sprint_one_cm":25069,"minecraft:damage_taken":20,"minecraft:walk_one_cm":21469,"minecraft:sneak_time":393,"minecraft:bell_ring":1,"minecraft:mob_kills":1,"minecraft:drop":2,"minecraft:jump":71,"minecraft:damage_dealt":105,"minecraft:walk_on_water_one_cm":181,"minecraft:time_since_death":6995,"minecraft:total_world_time":6995,"minecraft:interact_with_crafting_table":2,"minecraft:fall_one_cm":1672,"minecraft:fly_one_cm":19753},"minecraft:killed":{"minecraft:sheep":1}},"DataVersion":3578}