{"stats":{"minecraft:crafted":{"minecraft:oak_planks":44,"minecraft:crafting_table":1,"minecraft:wooden_pickaxe":1,"minecraft:furnace":1,"minecraft:stone_axe":1,"minecraft:bread":42,"minecraft:air":0,"minecraft:stick":20,"minecraft:iron_ingot":4,"minecraft:stone_pickaxe":2,"minecraft:stone_sword":1,"minecraft:torch":32,"minecraft:wheat":153},"minecraft:dropped":{"minecraft:wheat_seeds":53,"minecraft:melon_slice":7,"minecraft:wooden_pickaxe":2},"minecraft:picked_up":{"minecraft:crafting_table":2,"minecraft:wheat":24,"minecraft:andesite":17,"minecraft:golden_leggings":1,"minecraft:wooden_pickaxe":1,"minecraft:acacia_wood":1,"minecraft:filled_map":1,"minecraft:oak_log":11,"minecraft:map":1,"minecraft:lapis_lazuli":18,"minecraft:acacia_door":1,"minecraft:acacia_planks":24,"minecraft:wheat_seeds":69,"minecraft:melon_slice":49,"minecraft:acacia_sapling":1,"minecraft:raw_iron":32,"minecraft:torch":10,"minecraft:gravel":30,"minecraft:dripstone_block":14,"minecraft:porkchop":5,"minecraft:pointed_dripstone":3,"minecraft:orange_bed":1,"minecraft:arrow":2,"minecraft:rotten_flesh":1,"minecraft:hay_block":24,"minecraft:oak_sapling":1,"minecraft:mutton":3,"minecraft:coal":40,"minecraft:cobblestone":111,"minecraft:white_wool":2},"minecraft:broken":{"minecraft:stone_pickaxe":1},"minecraft:used":{"minecraft:wheat_seeds":15,"minecraft:stone_sword":37,"minecraft:stone_pickaxe":188,"minecraft:oak_planks":4,"minecraft:wooden_pickaxe":28,"minecraft:torch":22,"minecraft:crafting_table":2,"minecraft:bread":10,"minecraft:melon_slice":15,"minecraft:golden_leggings":1,"minecraft:stone_axe":42,"minecraft:cobblestone":15,"minecraft:furnace":1},"minecraft:mined":{"minecraft:crafting_table":2,"minecraft:clay":1,"minecraft:torch":10,"minecraft:melon":9,"minecraft:cobblestone":4,"minecraft:lapis_ore":3,"minecraft:wall_torch":1,"minecraft:hay_block":22,"minecraft:iron_ore":8,"minecraft:wheat":28,"minecraft:andesite":17,"minecraft:grass":13,"minecraft:oak_log":11,"minecraft:coal_ore":35,"minecraft:dripstone_block":17,"minecraft:gravel":10,"minecraft:acacia_door":1,"minecraft:stone":105,"minecraft:oak_leaves":1},"minecraft:killed_by":{"minecraft:zombie":1},"minecraft:custom":{"minecraft:interact_with_furnace":5,"minecraft:mob_kills":12,"minecraft:interact_with_crafting_table":7,"minecraft:bell_ring":1,"minecraft:time_since_death":6765,"minecraft:time_since_rest":6791,"minecraft:sprint_one_cm":96081,"minecraft:damage_taken":1011,"minecraft:walk_one_cm":135368,"minecraft:drop":12,"minecraft:damage_dealt":2751,"minecraft:fly_one_cm":131214,"minecraft:player_kills":2,"minecraft:open_chest":3,"minecraft:crouch_one_cm":3800,"minecraft:play_time":36934,"minecraft:deaths":1,"minecraft:sneak_time":1798,"minecraft:jump":530,"minecraft:walk_on_water_one_cm":1210,"minecraft:total_world_time":36934,"minecraft:fall_one_cm":9026},"minecraft:killed":{"minecraft:pig":1,"minecraft:sheep":2,"minecraft:skeleton":1,"minecraft:zombie":7}},"DataVersion":3578}