{"stats":{"minecraft:crafted":{"minecraft:cooked_porkchop":6,"minecraft:crafting_table":1,"minecraft:stick":12,"minecraft:wooden_pickaxe":1,"minecraft:iron_pickaxe":1,"minecraft:stone_pickaxe":1,"minecraft:stone_sword":1,"minecraft:furnace":1,"minecraft:acacia_planks":52,"minecraft:stone_axe":1,"minecraft:air":0,"minecraft:wheat":9},"minecraft:dropped":{"minecraft:filled_map":1,"minecraft:hay_block":2,"minecraft:golden_leggings":1,"minecraft:raw_iron":3,"minecraft:cobblestone":15,"minecraft:coal":10},"minecraft:picked_up":{"minecraft:crafting_table":2,"minecraft:raw_iron":5,"minecraft:wheat":2,"minecraft:golden_leggings":1,"minecraft:torch":1,"minecraft:acacia_log":13,"minecraft:fire_charge":2,"minecraft:filled_map":1,"minecraft:porkchop":12,"minecraft:golden_chestplate":1,"minecraft:orange_bed":3,"minecraft:wheat_seeds":58,"minecraft:hay_block":3,"minecraft:iron_ingot":10,"minecraft:melon_slice":7,"minecraft:oak_planks":2,"minecraft:coal":41,"minecraft:cobblestone":50,"minecraft:furnace":1},"minecraft:used":{"minecraft:stone_sword":12,"minecraft:melon_slice":7,"minecraft:stone_pickaxe":66,"minecraft:map":1,"minecraft:wooden_pickaxe":2,"minecraft:stone_axe":4,"minecraft:torch":1,"minecraft:orange_bed":1,"minecraft:fire_charge":1,"minecraft:cobblestone":3,"minecraft:crafting_table":2,"minecraft:furnace":1,"minecraft:cooked_porkchop":3},"minecraft:mined":{"minecraft:hay_block":3,"minecraft:glass_pane":1,"minecraft:furnace":1,"minecraft:fire":1,"minecraft:iron_ore":5,"minecraft:acacia_wood":1,"minecraft:crafting_table":2,"minecraft:grass":45,"minecraft:acacia_log":13,"minecraft:coal_ore":18,"minecraft:tall_grass":5,"minecraft:stone":44,"minecraft:oak_planks":2,"minecraft:orange_bed":3},"minecraft:killed_by":{"minecraft:player":2,"minecraft:zombie":2},"minecraft:custom":{"minecraft:time_since_rest":19981,"minecraft:interact_with_furnace":13,"minecraft:sprint_one_cm":95151,"minecraft:damage_taken":1397,"minecraft:walk_one_cm":66417,"minecraft:mob_kills":4,"minecraft:drop":6,"minecraft:damage_dealt":817,"minecraft:interact_with_cartography_table":1,"minecraft:interact_with_crafting_table":10,"minecraft:talked_to_villager":1,"minecraft:fly_one_cm":185963,"minecraft:open_chest":3,"minecraft:crouch_one_cm":38911,"minecraft:play_time":33896,"minecraft:deaths":4,"minecraft:bell_ring":6,"minecraft:sneak_time":7956,"minecraft:jump":858,"minecraft:time_since_death":19957,"minecraft:walk_on_water_one_cm":338,"minecraft:sleep_in_bed":1,"minecraft:total_world_time":33896,"minecraft:fall_one_cm":18186},"minecraft:killed":{"minecraft:pig":4}},"DataVersion":3578}