{"stats":{"minecraft:crafted":{"minecraft:cooked_porkchop":9,"minecraft:crafting_table":2,"minecraft:acacia_slab":12,"minecraft:wooden_pickaxe":1,"minecraft:furnace":1,"minecraft:stone_axe":1,"minecraft:bread":4,"minecraft:cooked_mutton":3,"minecraft:air":0,"minecraft:stick":16,"minecraft:iron_pickaxe":1,"minecraft:stone_pickaxe":1,"minecraft:stone_sword":1,"minecraft:acacia_planks":80,"minecraft:wheat":9},"minecraft:dropped":{"minecraft:raw_iron":3,"minecraft:cobblestone":15,"minecraft:coal":10,"minecraft:filled_map":1,"minecraft:hay_block":2,"minecraft:golden_leggings":1},"minecraft:picked_up":{"minecraft:crafting_table":2,"minecraft:iron_chestplate":3,"minecraft:wheat":60,"minecraft:golden_leggings":3,"minecraft:wooden_pickaxe":2,"minecraft:filled_map":1,"minecraft:dirt":1,"minecraft:raw_copper":6,"minecraft:iron_axe":1,"minecraft:iron_leggings":3,"minecraft:acacia_planks":2,"minecraft:wheat_seeds":204,"minecraft:stone_pickaxe":1,"minecraft:iron_ingot":17,"minecraft:cobblestone_slab":5,"minecraft:iron_nugget":3,"minecraft:iron_pickaxe":2,"minecraft:melon_slice":10,"minecraft:oak_planks":4,"minecraft:iron_boots":2,"minecraft:furnace":1,"minecraft:raw_iron":9,"minecraft:acacia_fence":2,"minecraft:torch":7,"minecraft:acacia_log":20,"minecraft:fire_charge":2,"minecraft:porkchop":12,"minecraft:golden_chestplate":3,"minecraft:orange_bed":10,"minecraft:stone_sword":1,"minecraft:stone_axe":1,"minecraft:iron_helmet":4,"minecraft:hay_block":3,"minecraft:oak_button":1,"minecraft:oak_sapling":1,"minecraft:brown_banner":5,"minecraft:mutton":4,"minecraft:coal":41,"minecraft:white_wool":5,"minecraft:cobblestone":69},"minecraft:used":{"minecraft:cooked_mutton":3,"minecraft:stone_sword":32,"minecraft:stone_pickaxe":67,"minecraft:oak_planks":1,"minecraft:wooden_pickaxe":2,"minecraft:iron_chestplate":3,"minecraft:white_wool":2,"minecraft:orange_bed":8,"minecraft:torch":1,"minecraft:crafting_table":4,"minecraft:brown_banner":1,"minecraft:golden_chestplate":2,"minecraft:iron_axe":8,"minecraft:acacia_slab":10,"minecraft:iron_pickaxe":11,"minecraft:oak_button":1,"minecraft:bread":4,"minecraft:melon_slice":10,"minecraft:map":1,"minecraft:iron_helmet":4,"minecraft:iron_boots":2,"minecraft:golden_leggings":2,"minecraft:stone_axe":17,"minecraft:fire_charge":2,"minecraft:cobblestone":18,"minecraft:furnace":2,"minecraft:cooked_porkchop":9,"minecraft:acacia_planks":4,"minecraft:iron_leggings":3},"minecraft:mined":{"minecraft:glass_pane":1,"minecraft:crafting_table":2,"minecraft:torch":2,"minecraft:acacia_log":20,"minecraft:tall_grass":8,"minecraft:cobblestone":12,"minecraft:oak_planks":5,"minecraft:hay_block":3,"minecraft:furnace":1,"minecraft:wheat":6,"minecraft:iron_ore":5,"minecraft:fire":4,"minecraft:acacia_wood":1,"minecraft:grass":69,"minecraft:coal_ore":18,"minecraft:acacia_planks":2,"minecraft:stone":44,"minecraft:white_wool":1,"minecraft:orange_bed":10},"minecraft:killed_by":{"minecraft:player":9,"minecraft:zombie":2},"minecraft:custom":{"minecraft:interact_with_furnace":19,"minecraft:mob_kills":6,"minecraft:interact_with_crafting_table":13,"minecraft:interact_with_cartography_table":1,"minecraft:bell_ring":81,"minecraft:leave_game":3,"minecraft:time_since_death":3245,"minecraft:sleep_in_bed":11,"minecraft:time_since_rest":1279,"minecraft:sprint_one_cm":208124,"minecraft:damage_taken":4195,"minecraft:walk_one_cm":169279,"minecraft:drop":6,"minecraft:damage_dealt":1553,"minecraft:player_kills":1,"minecraft:swim_one_cm":4323,"minecraft:talked_to_villager":5,"minecraft:fly_one_cm":329966,"minecraft:open_chest":4,"minecraft:crouch_one_cm":93377,"minecraft:play_time":74449,"minecraft:deaths":11,"minecraft:sneak_time":19107,"minecraft:walk_under_water_one_cm":2155,"minecraft:jump":1814,"minecraft:walk_on_water_one_cm":6518,"minecraft:total_world_time":74449,"minecraft:fall_one_cm":44898},"minecraft:killed":{"minecraft:pig":4,"minecraft:sheep":2}},"DataVersion":3578}