{"stats":{"minecraft:crafted":{"minecraft:cooked_porkchop":6,"minecraft:crafting_table":2,"minecraft:acacia_slab":12,"minecraft:wooden_pickaxe":1,"minecraft:furnace":1,"minecraft:stone_axe":1,"minecraft:bread":4,"minecraft:air":0,"minecraft:stick":12,"minecraft:iron_pickaxe":1,"minecraft:stone_pickaxe":1,"minecraft:stone_sword":1,"minecraft:acacia_planks":52,"minecraft:wheat":9},"minecraft:dropped":{"minecraft:raw_iron":3,"minecraft:cobblestone":15,"minecraft:coal":10,"minecraft:filled_map":1,"minecraft:hay_block":2,"minecraft:golden_leggings":1},"minecraft:picked_up":{"minecraft:crafting_table":2,"minecraft:wheat":3,"minecraft:golden_leggings":2,"minecraft:filled_map":1,"minecraft:acacia_planks":2,"minecraft:wheat_seeds":67,"minecraft:iron_ingot":10,"minecraft:melon_slice":10,"minecraft:oak_planks":4,"minecraft:furnace":1,"minecraft:raw_iron":5,"minecraft:torch":2,"minecraft:acacia_log":13,"minecraft:fire_charge":2,"minecraft:porkchop":12,"minecraft:golden_chestplate":1,"minecraft:orange_bed":6,"minecraft:hay_block":3,"minecraft:oak_button":1,"minecraft:brown_banner":1,"minecraft:mutton":3,"minecraft:white_wool":2,"minecraft:coal":41,"minecraft:cobblestone":50},"minecraft:used":{"minecraft:stone_sword":24,"minecraft:stone_pickaxe":66,"minecraft:oak_planks":1,"minecraft:wooden_pickaxe":2,"minecraft:orange_bed":5,"minecraft:torch":1,"minecraft:crafting_table":4,"minecraft:brown_banner":1,"minecraft:acacia_slab":10,"minecraft:oak_button":1,"minecraft:bread":4,"minecraft:melon_slice":10,"minecraft:map":1,"minecraft:golden_leggings":1,"minecraft:stone_axe":8,"minecraft:fire_charge":2,"minecraft:cobblestone":3,"minecraft:furnace":1,"minecraft:cooked_porkchop":6,"minecraft:acacia_planks":4},"minecraft:mined":{"minecraft:glass_pane":1,"minecraft:crafting_table":2,"minecraft:torch":1,"minecraft:acacia_log":13,"minecraft:tall_grass":8,"minecraft:oak_planks":4,"minecraft:hay_block":3,"minecraft:furnace":1,"minecraft:iron_ore":5,"minecraft:fire":4,"minecraft:acacia_wood":1,"minecraft:grass":54,"minecraft:coal_ore":18,"minecraft:acacia_planks":2,"minecraft:stone":44,"minecraft:orange_bed":5},"minecraft:killed_by":{"minecraft:player":2,"minecraft:zombie":2},"minecraft:custom":{"minecraft:interact_with_furnace":14,"minecraft:mob_kills":6,"minecraft:interact_with_crafting_table":13,"minecraft:interact_with_cartography_table":1,"minecraft:bell_ring":6,"minecraft:time_since_death":31957,"minecraft:sleep_in_bed":2,"minecraft:time_since_rest":10515,"minecraft:sprint_one_cm":130362,"minecraft:damage_taken":1808,"minecraft:walk_one_cm":96359,"minecraft:drop":6,"minecraft:damage_dealt":1021,"minecraft:swim_one_cm":2058,"minecraft:talked_to_villager":1,"minecraft:fly_one_cm":241267,"minecraft:open_chest":4,"minecraft:crouch_one_cm":49814,"minecraft:play_time":45896,"minecraft:deaths":4,"minecraft:sneak_time":10873,"minecraft:walk_under_water_one_cm":1298,"minecraft:jump":1147,"minecraft:walk_on_water_one_cm":1685,"minecraft:total_world_time":45896,"minecraft:fall_one_cm":24896},"minecraft:killed":{"minecraft:pig":4,"minecraft:sheep":2}},"DataVersion":3578}