{"stats":{"minecraft:crafted":{"minecraft:acacia_planks":24},"minecraft:picked_up":{"minecraft:porkchop":3,"minecraft:acacia_log":6},"minecraft:mined":{"minecraft:grass":7,"minecraft:acacia_log":6,"minecraft:tall_grass":2},"minecraft:custom":{"minecraft:jump":53,"minecraft:time_since_rest":3958,"minecraft:damage_dealt":100,"minecraft:crouch_one_cm":3510,"minecraft:sprint_one_cm":5406,"minecraft:play_time":3958,"minecraft:time_since_death":3958,"minecraft:walk_one_cm":7585,"minecraft:bell_ring":5,"minecraft:sneak_time":739,"minecraft:total_world_time":3958,"minecraft:mob_kills":1,"minecraft:fall_one_cm":2115,"minecraft:fly_one_cm":13555,"minecraft:open_chest":2},"minecraft:killed":{"minecraft:pig":1}},"DataVersion":3578}