{"stats":{"minecraft:crafted":{"minecraft:acacia_planks":24},"minecraft:dropped":{"minecraft:filled_map":1},"minecraft:picked_up":{"minecraft:orange_bed":2,"minecraft:torch":1,"minecraft:wheat_seeds":1,"minecraft:acacia_log":6,"minecraft:filled_map":1,"minecraft:porkchop":3,"minecraft:coal":1,"minecraft:cobblestone":2},"minecraft:used":{"minecraft:torch":1,"minecraft:orange_bed":1,"minecraft:map":1},"minecraft:mined":{"minecraft:grass":34,"minecraft:acacia_log":6,"minecraft:glass_pane":1,"minecraft:acacia_wood":1,"minecraft:tall_grass":5,"minecraft:orange_bed":2},"minecraft:killed_by":{"minecraft:zombie":2,"minecraft:player":2},"minecraft:custom":{"minecraft:open_chest":3,"minecraft:time_since_rest":2043,"minecraft:crouch_one_cm":23162,"minecraft:play_time":15958,"minecraft:sprint_one_cm":62046,"minecraft:deaths":4,"minecraft:damage_taken":1166,"minecraft:walk_one_cm":30404,"minecraft:sneak_time":4512,"minecraft:bell_ring":6,"minecraft:mob_kills":1,"minecraft:drop":1,"minecraft:jump":476,"minecraft:damage_dealt":445,"minecraft:walk_on_water_one_cm":153,"minecraft:time_since_death":2019,"minecraft:sleep_in_bed":1,"minecraft:total_world_time":15958,"minecraft:interact_with_cartography_table":1,"minecraft:talked_to_villager":1,"minecraft:fall_one_cm":5600,"minecraft:fly_one_cm":121136},"minecraft:killed":{"minecraft:pig":1}},"DataVersion":3578}