{"stats":{"minecraft:crafted":{"minecraft:oak_planks":20,"minecraft:crafting_table":5,"minecraft:wooden_pickaxe":1,"minecraft:iron_sword":1,"minecraft:furnace":1,"minecraft:fletching_table":1,"minecraft:bread":21,"minecraft:air":0,"minecraft:diamond_helmet":1,"minecraft:diamond_leggings":1,"minecraft:diamond_pickaxe":1,"minecraft:iron_axe":1,"minecraft:stick":16,"minecraft:iron_ingot":44,"minecraft:iron_pickaxe":1,"minecraft:stone_pickaxe":2,"minecraft:diamond_boots":1,"minecraft:oak_button":1,"minecraft:acacia_planks":60,"minecraft:diamond_chestplate":1,"minecraft:wheat":171},"minecraft:dropped":{"minecraft:iron_ingot":10,"minecraft:wheat_seeds":71,"minecraft:golden_chestplate":1,"minecraft:wheat":1,"minecraft:raw_iron":21,"minecraft:oak_button":1,"minecraft:golden_leggings":1,"minecraft:fire_charge":2,"minecraft:wooden_pickaxe":1},"minecraft:picked_up":{"minecraft:wheat":43,"minecraft:glow_ink_sac":3,"minecraft:andesite":16,"minecraft:oak_log":5,"minecraft:dirt":18,"minecraft:raw_copper":6,"minecraft:bone":2,"minecraft:wheat_seeds":114,"minecraft:cobbled_deepslate":129,"minecraft:sugar_cane":6,"minecraft:acacia_sapling":1,"minecraft:raw_iron":64,"minecraft:acacia_fence":2,"minecraft:torch":1,"minecraft:acacia_log":18,"minecraft:porkchop":2,"minecraft:amethyst_shard":4,"minecraft:diorite":38,"minecraft:orange_bed":3,"minecraft:arrow":1,"minecraft:rotten_flesh":1,"minecraft:diamond":27,"minecraft:hay_block":19,"minecraft:granite":3,"minecraft:brown_banner":1,"minecraft:coal":17,"minecraft:cobblestone":208},"minecraft:broken":{"minecraft:stone_pickaxe":2,"minecraft:iron_pickaxe":1},"minecraft:used":{"minecraft:wheat_seeds":43,"minecraft:diorite":34,"minecraft:stone_pickaxe":252,"minecraft:wooden_pickaxe":45,"minecraft:iron_sword":1,"minecraft:fletching_table":1,"minecraft:sugar_cane":2,"minecraft:orange_bed":3,"minecraft:dirt":2,"minecraft:crafting_table":5,"minecraft:diamond_helmet":1,"minecraft:diamond_pickaxe":2,"minecraft:iron_axe":17,"minecraft:bread":17,"minecraft:iron_pickaxe":240,"minecraft:cobblestone":181,"minecraft:furnace":1,"minecraft:cobbled_deepslate":67,"minecraft:diamond_leggings":1},"minecraft:mined":{"minecraft:acacia_leaves":4,"minecraft:deepslate_diamond_ore":27,"minecraft:amethyst_cluster":1,"minecraft:torch":1,"minecraft:granite":3,"minecraft:acacia_log":20,"minecraft:grass_block":4,"minecraft:copper_ore":2,"minecraft:cobblestone":15,"minecraft:sugar_cane":2,"minecraft:diorite":38,"minecraft:hay_block":19,"minecraft:fire":1,"minecraft:iron_ore":49,"minecraft:wheat":43,"minecraft:andesite":16,"minecraft:grass":7,"minecraft:oak_log":5,"minecraft:coal_ore":18,"minecraft:deepslate_iron_ore":16,"minecraft:acacia_fence":2,"minecraft:dirt":14,"minecraft:stone":196,"minecraft:orange_bed":5,"minecraft:deepslate":130},"minecraft:custom":{"minecraft:interact_with_smithing_table":1,"minecraft:interact_with_furnace":6,"minecraft:mob_kills":4,"minecraft:interact_with_crafting_table":23,"minecraft:time_since_death":53350,"minecraft:sleep_in_bed":1,"minecraft:time_since_rest":10206,"minecraft:sprint_one_cm":159062,"minecraft:damage_taken":496,"minecraft:walk_one_cm":107320,"minecraft:drop":80,"minecraft:damage_dealt":1022,"minecraft:talked_to_villager":5,"minecraft:swim_one_cm":12121,"minecraft:fly_one_cm":161658,"minecraft:open_chest":10,"minecraft:crouch_one_cm":18577,"minecraft:play_time":53350,"minecraft:sneak_time":8316,"minecraft:walk_under_water_one_cm":7158,"minecraft:jump":987,"minecraft:interact_with_blast_furnace":4,"minecraft:walk_on_water_one_cm":10681,"minecraft:total_world_time":53350,"minecraft:fall_one_cm":17345},"minecraft:killed":{"minecraft:pig":1,"minecraft:skeleton":1,"minecraft:zombie":2}},"DataVersion":3578}