{"stats":{"minecraft:crafted":{"minecraft:crafting_table":2,"minecraft:stick":8,"minecraft:wooden_pickaxe":1,"minecraft:stone_pickaxe":2,"minecraft:acacia_planks":28},"minecraft:picked_up":{"minecraft:raw_iron":15,"minecraft:wheat":15,"minecraft:andesite":16,"minecraft:acacia_log":7,"minecraft:porkchop":2,"minecraft:oak_log":5,"minecraft:diorite":34,"minecraft:dirt":11,"minecraft:raw_copper":6,"minecraft:bone":2,"minecraft:arrow":1,"minecraft:wheat_seeds":41,"minecraft:cobbled_deepslate":15,"minecraft:hay_block":19,"minecraft:cobblestone":93},"minecraft:broken":{"minecraft:stone_pickaxe":1},"minecraft:used":{"minecraft:wheat_seeds":15,"minecraft:bread":3,"minecraft:stone_pickaxe":176,"minecraft:wooden_pickaxe":9,"minecraft:crafting_table":2},"minecraft:mined":{"minecraft:hay_block":19,"minecraft:acacia_leaves":2,"minecraft:iron_ore":15,"minecraft:wheat":15,"minecraft:andesite":16,"minecraft:grass":3,"minecraft:acacia_log":7,"minecraft:grass_block":3,"minecraft:oak_log":5,"minecraft:dirt":8,"minecraft:copper_ore":2,"minecraft:stone":93,"minecraft:diorite":34,"minecraft:deepslate":15},"minecraft:custom":{"minecraft:time_since_rest":11861,"minecraft:interact_with_smithing_table":1,"minecraft:sprint_one_cm":29423,"minecraft:damage_taken":125,"minecraft:walk_one_cm":19788,"minecraft:mob_kills":2,"minecraft:damage_dealt":330,"minecraft:interact_with_crafting_table":3,"minecraft:fly_one_cm":29769,"minecraft:open_chest":3,"minecraft:crouch_one_cm":4535,"minecraft:play_time":11861,"minecraft:sneak_time":2749,"minecraft:jump":149,"minecraft:time_since_death":11861,"minecraft:total_world_time":11861,"minecraft:fall_one_cm":3377},"minecraft:killed":{"minecraft:skeleton":1,"minecraft:pig":1}},"DataVersion":3578}