{"stats":{"minecraft:crafted":{"minecraft:oak_planks":80,"minecraft:cobblestone_slab":6,"minecraft:emerald":9,"minecraft:crafting_table":5,"minecraft:wooden_pickaxe":1,"minecraft:iron_sword":1,"minecraft:furnace":1,"minecraft:fletching_table":1,"minecraft:bread":21,"minecraft:air":0,"minecraft:diamond_helmet":1,"minecraft:diamond_leggings":1,"minecraft:diamond_pickaxe":1,"minecraft:iron_axe":1,"minecraft:stick":312,"minecraft:iron_ingot":44,"minecraft:iron_pickaxe":1,"minecraft:stone_pickaxe":2,"minecraft:diamond_boots":1,"minecraft:oak_button":1,"minecraft:acacia_planks":120,"minecraft:diamond_chestplate":1,"minecraft:wheat":171},"minecraft:dropped":{"minecraft:iron_ingot":10,"minecraft:wheat_seeds":155,"minecraft:golden_chestplate":1,"minecraft:wheat":23,"minecraft:raw_iron":21,"minecraft:oak_button":1,"minecraft:melon_seeds":2,"minecraft:golden_leggings":1,"minecraft:fire_charge":2,"minecraft:wooden_pickaxe":1},"minecraft:picked_up":{"minecraft:wheat":95,"minecraft:glow_ink_sac":3,"minecraft:andesite":16,"minecraft:oak_log":20,"minecraft:dirt":22,"minecraft:raw_copper":6,"minecraft:bone":2,"minecraft:wheat_seeds":258,"minecraft:cobbled_deepslate":129,"minecraft:sugar_cane":6,"minecraft:oak_planks":1,"minecraft:acacia_sapling":3,"minecraft:stick":7,"minecraft:raw_iron":64,"minecraft:acacia_fence":4,"minecraft:torch":2,"minecraft:acacia_log":30,"minecraft:porkchop":2,"minecraft:amethyst_shard":4,"minecraft:diorite":38,"minecraft:orange_bed":4,"minecraft:arrow":1,"minecraft:rotten_flesh":1,"minecraft:diamond":27,"minecraft:hay_block":19,"minecraft:granite":3,"minecraft:melon_seeds":2,"minecraft:brown_banner":3,"minecraft:coal":17,"minecraft:cobblestone":218},"minecraft:broken":{"minecraft:stone_pickaxe":2,"minecraft:iron_pickaxe":1},"minecraft:used":{"minecraft:wheat_seeds":95,"minecraft:diorite":34,"minecraft:stone_pickaxe":252,"minecraft:wooden_pickaxe":45,"minecraft:iron_sword":1,"minecraft:fletching_table":1,"minecraft:cobblestone_slab":1,"minecraft:sugar_cane":2,"minecraft:orange_bed":4,"minecraft:dirt":2,"minecraft:crafting_table":5,"minecraft:diamond_helmet":1,"minecraft:diamond_pickaxe":10,"minecraft:iron_axe":56,"minecraft:bread":19,"minecraft:iron_pickaxe":240,"minecraft:cobblestone":195,"minecraft:furnace":1,"minecraft:acacia_fence":2,"minecraft:cobbled_deepslate":67,"minecraft:diamond_leggings":1},"minecraft:mined":{"minecraft:acacia_leaves":7,"minecraft:deepslate_diamond_ore":27,"minecraft:amethyst_cluster":1,"minecraft:torch":1,"minecraft:granite":3,"minecraft:acacia_log":30,"minecraft:grass_block":4,"minecraft:copper_ore":2,"minecraft:cobblestone":23,"minecraft:sugar_cane":2,"minecraft:diorite":38,"minecraft:hay_block":19,"minecraft:fire":1,"minecraft:iron_ore":49,"minecraft:wheat":96,"minecraft:andesite":16,"minecraft:grass":8,"minecraft:oak_log":20,"minecraft:coal_ore":18,"minecraft:dirt_path":1,"minecraft:deepslate_iron_ore":16,"minecraft:acacia_fence":5,"minecraft:dirt":17,"minecraft:stone":196,"minecraft:oak_leaves":2,"minecraft:orange_bed":6,"minecraft:deepslate":130},"minecraft:custom":{"minecraft:interact_with_smithing_table":1,"minecraft:interact_with_furnace":6,"minecraft:mob_kills":5,"minecraft:traded_with_villager":9,"minecraft:interact_with_crafting_table":24,"minecraft:time_since_death":65350,"minecraft:sleep_in_bed":2,"minecraft:time_since_rest":3692,"minecraft:sprint_one_cm":191062,"minecraft:damage_taken":522,"minecraft:walk_one_cm":146607,"minecraft:drop":167,"minecraft:damage_dealt":1060,"minecraft:talked_to_villager":14,"minecraft:swim_one_cm":12121,"minecraft:fly_one_cm":191307,"minecraft:open_chest":10,"minecraft:crouch_one_cm":19752,"minecraft:play_time":65350,"minecraft:sneak_time":8681,"minecraft:walk_under_water_one_cm":7158,"minecraft:jump":1131,"minecraft:interact_with_blast_furnace":4,"minecraft:walk_on_water_one_cm":10724,"minecraft:total_world_time":65350,"minecraft:fall_one_cm":19410},"minecraft:killed":{"minecraft:pig":1,"minecraft:skeleton":1,"minecraft:zombie":2,"minecraft:villager":1}},"DataVersion":3578}