{"stats":{"minecraft:crafted":{"minecraft:oak_planks":20,"minecraft:crafting_table":5,"minecraft:wooden_pickaxe":1,"minecraft:furnace":1,"minecraft:bread":21,"minecraft:air":0,"minecraft:diamond_helmet":1,"minecraft:diamond_leggings":1,"minecraft:diamond_pickaxe":1,"minecraft:stick":12,"minecraft:iron_ingot":32,"minecraft:iron_pickaxe":1,"minecraft:stone_pickaxe":2,"minecraft:diamond_boots":1,"minecraft:acacia_planks":28,"minecraft:diamond_chestplate":1,"minecraft:wheat":171},"minecraft:dropped":{"minecraft:iron_ingot":10,"minecraft:golden_chestplate":1,"minecraft:raw_iron":21,"minecraft:golden_leggings":1,"minecraft:fire_charge":2},"minecraft:picked_up":{"minecraft:wheat":15,"minecraft:glow_ink_sac":3,"minecraft:andesite":16,"minecraft:oak_log":5,"minecraft:dirt":18,"minecraft:raw_copper":6,"minecraft:bone":2,"minecraft:wheat_seeds":45,"minecraft:cobbled_deepslate":129,"minecraft:raw_iron":64,"minecraft:acacia_log":7,"minecraft:porkchop":2,"minecraft:amethyst_shard":4,"minecraft:diorite":38,"minecraft:arrow":1,"minecraft:rotten_flesh":1,"minecraft:diamond":27,"minecraft:hay_block":19,"minecraft:granite":3,"minecraft:coal":17,"minecraft:cobblestone":194},"minecraft:broken":{"minecraft:stone_pickaxe":2,"minecraft:iron_pickaxe":1},"minecraft:used":{"minecraft:wheat_seeds":15,"minecraft:diorite":34,"minecraft:stone_pickaxe":252,"minecraft:wooden_pickaxe":32,"minecraft:dirt":2,"minecraft:crafting_table":5,"minecraft:diamond_helmet":1,"minecraft:bread":14,"minecraft:iron_pickaxe":240,"minecraft:cobblestone":96,"minecraft:furnace":1,"minecraft:cobbled_deepslate":67,"minecraft:diamond_leggings":1},"minecraft:mined":{"minecraft:acacia_leaves":2,"minecraft:deepslate_diamond_ore":27,"minecraft:amethyst_cluster":1,"minecraft:granite":3,"minecraft:acacia_log":7,"minecraft:grass_block":4,"minecraft:copper_ore":2,"minecraft:cobblestone":1,"minecraft:diorite":38,"minecraft:hay_block":19,"minecraft:iron_ore":49,"minecraft:wheat":15,"minecraft:andesite":16,"minecraft:grass":4,"minecraft:oak_log":5,"minecraft:coal_ore":18,"minecraft:deepslate_iron_ore":16,"minecraft:dirt":14,"minecraft:stone":196,"minecraft:deepslate":130},"minecraft:custom":{"minecraft:interact_with_smithing_table":1,"minecraft:interact_with_furnace":6,"minecraft:mob_kills":4,"minecraft:interact_with_crafting_table":14,"minecraft:time_since_death":41350,"minecraft:time_since_rest":41350,"minecraft:sprint_one_cm":108780,"minecraft:damage_taken":489,"minecraft:walk_one_cm":71681,"minecraft:drop":6,"minecraft:damage_dealt":930,"minecraft:swim_one_cm":12121,"minecraft:fly_one_cm":121106,"minecraft:open_chest":5,"minecraft:crouch_one_cm":15929,"minecraft:play_time":41350,"minecraft:sneak_time":7532,"minecraft:walk_under_water_one_cm":7158,"minecraft:jump":816,"minecraft:interact_with_blast_furnace":2,"minecraft:walk_on_water_one_cm":10406,"minecraft:total_world_time":41350,"minecraft:fall_one_cm":16509},"minecraft:killed":{"minecraft:pig":1,"minecraft:skeleton":1,"minecraft:zombie":2}},"DataVersion":3578}