{"stats":{"minecraft:crafted":{"minecraft:oak_planks":80,"minecraft:cobblestone_slab":6,"minecraft:furnace":1,"minecraft:iron_boots":1,"minecraft:diamond_leggings":1,"minecraft:diamond_helmet":1,"minecraft:iron_axe":1,"minecraft:stone_pickaxe":2,"minecraft:diamond_boots":1,"minecraft:oak_button":1,"minecraft:wheat":171,"minecraft:emerald":11,"minecraft:crafting_table":5,"minecraft:wooden_pickaxe":1,"minecraft:iron_helmet":1,"minecraft:iron_sword":1,"minecraft:fletching_table":1,"minecraft:bread":21,"minecraft:air":0,"minecraft:iron_chestplate":1,"minecraft:emerald_block":1,"minecraft:diamond_pickaxe":1,"minecraft:shield":1,"minecraft:stick":376,"minecraft:iron_ingot":53,"minecraft:iron_pickaxe":1,"minecraft:iron_block":1,"minecraft:iron_leggings":1,"minecraft:acacia_planks":160,"minecraft:diamond_chestplate":1},"minecraft:dropped":{"minecraft:iron_ingot":10,"minecraft:bread":2,"minecraft:wheat_seeds":164,"minecraft:diamond_leggings":1,"minecraft:iron_helmet":1,"minecraft:granite":3,"minecraft:coal":1,"minecraft:diorite":4,"minecraft:torch":1,"minecraft:diamond_helmet":1,"minecraft:fire_charge":2,"minecraft:iron_leggings":1,"minecraft:iron_pickaxe":1,"minecraft:golden_chestplate":1,"minecraft:wheat":78,"minecraft:raw_iron":21,"minecraft:iron_boots":1,"minecraft:oak_button":1,"minecraft:diamond_chestplate":1,"minecraft:iron_chestplate":2,"minecraft:melon_seeds":2,"minecraft:golden_leggings":1,"minecraft:diamond_boots":1,"minecraft:wooden_pickaxe":1,"minecraft:acacia_fence":1},"minecraft:broken":{"minecraft:stone_pickaxe":2,"minecraft:iron_pickaxe":1},"minecraft:picked_up":{"minecraft:iron_chestplate":3,"minecraft:wheat":142,"minecraft:raw_copper":12,"minecraft:iron_leggings":1,"minecraft:cobbled_deepslate":129,"minecraft:iron_pickaxe":1,"minecraft:sugar_cane":10,"minecraft:iron_boots":2,"minecraft:stick":7,"minecraft:raw_iron":66,"minecraft:acacia_fence":5,"minecraft:torch":5,"minecraft:acacia_log":40,"minecraft:porkchop":2,"minecraft:diorite":38,"minecraft:orange_bed":4,"minecraft:rotten_flesh":1,"minecraft:arrow":1,"minecraft:stone_sword":1,"minecraft:hay_block":19,"minecraft:iron_block":1,"minecraft:obsidian":2,"minecraft:cobblestone":226,"minecraft:glow_ink_sac":3,"minecraft:andesite":16,"minecraft:golden_leggings":1,"minecraft:oak_log":20,"minecraft:dirt":42,"minecraft:bone":4,"minecraft:wheat_seeds":326,"minecraft:stone_pickaxe":1,"minecraft:iron_ingot":15,"minecraft:diamond_helmet":1,"minecraft:acacia_sapling":3,"minecraft:oak_planks":1,"minecraft:emerald_block":2,"minecraft:amethyst_shard":8,"minecraft:diamond":27,"minecraft:iron_helmet":1,"minecraft:granite":3,"minecraft:emerald":2,"minecraft:bread":14,"minecraft:brown_banner":6,"minecraft:melon_seeds":2,"minecraft:coal":18},"minecraft:used":{"minecraft:stone_sword":33,"minecraft:shield":1,"minecraft:iron_sword":37,"minecraft:iron_chestplate":1,"minecraft:orange_bed":4,"minecraft:dirt":2,"minecraft:diamond_helmet":1,"minecraft:iron_block":1,"minecraft:iron_axe":68,"minecraft:emerald_block":2,"minecraft:furnace":1,"minecraft:acacia_fence":4,"minecraft:cobbled_deepslate":67,"minecraft:wheat_seeds":95,"minecraft:diorite":34,"minecraft:stone_pickaxe":252,"minecraft:wooden_pickaxe":45,"minecraft:cobblestone_slab":1,"minecraft:fletching_table":1,"minecraft:sugar_cane":6,"minecraft:crafting_table":5,"minecraft:diamond_pickaxe":14,"minecraft:bread":22,"minecraft:iron_pickaxe":240,"minecraft:cobblestone":195,"minecraft:diamond_leggings":1},"minecraft:mined":{"minecraft:deepslate_diamond_ore":27,"minecraft:granite":3,"minecraft:acacia_log":41,"minecraft:grass_block":4,"minecraft:brown_banner":1,"minecraft:hay_block":19,"minecraft:iron_ore":49,"minecraft:fire":1,"minecraft:andesite":16,"minecraft:deepslate_iron_ore":16,"minecraft:dirt_path":1,"minecraft:stone":196,"minecraft:iron_block":1,"minecraft:orange_bed":6,"minecraft:acacia_leaves":7,"minecraft:amethyst_cluster":1,"minecraft:torch":1,"minecraft:tall_grass":1,"minecraft:copper_ore":2,"minecraft:cobblestone":25,"minecraft:sugar_cane":4,"minecraft:diorite":38,"minecraft:wheat":96,"minecraft:grass":27,"minecraft:oak_log":20,"minecraft:coal_ore":18,"minecraft:acacia_fence":5,"minecraft:dirt":17,"minecraft:oak_leaves":2,"minecraft:emerald_block":1,"minecraft:deepslate":130},"minecraft:killed_by":{"minecraft:player":1},"minecraft:custom":{"minecraft:interact_with_smithing_table":1,"minecraft:mob_kills":9,"minecraft:interact_with_crafting_table":32,"minecraft:bell_ring":23,"minecraft:leave_game":2,"minecraft:time_since_death":4358,"minecraft:sprint_one_cm":237558,"minecraft:walk_one_cm":199264,"minecraft:damage_blocked_by_shield":39,"minecraft:drop":248,"minecraft:talked_to_villager":23,"minecraft:play_time":81923,"minecraft:deaths":1,"minecraft:sneak_time":8937,"minecraft:walk_under_water_one_cm":7380,"minecraft:jump":1370,"minecraft:interact_with_blast_furnace":4,"minecraft:walk_on_water_one_cm":11991,"minecraft:total_world_time":81923,"minecraft:interact_with_furnace":6,"minecraft:traded_with_villager":11,"minecraft:sleep_in_bed":3,"minecraft:time_since_rest":1717,"minecraft:damage_taken":855,"minecraft:damage_dealt":3453,"minecraft:swim_one_cm":12121,"minecraft:fly_one_cm":242875,"minecraft:player_kills":7,"minecraft:open_chest":10,"minecraft:crouch_one_cm":21539,"minecraft:fall_one_cm":23762},"minecraft:killed":{"minecraft:skeleton":1,"minecraft:pig":1,"minecraft:zombie":2,"minecraft:villager":5}},"DataVersion":3578}