{"stats":{"minecraft:crafted":{"minecraft:oak_planks":20,"minecraft:diamond_helmet":1,"minecraft:diamond_leggings":1,"minecraft:crafting_table":4,"minecraft:stick":8,"minecraft:iron_ingot":23,"minecraft:wooden_pickaxe":1,"minecraft:iron_pickaxe":1,"minecraft:stone_pickaxe":2,"minecraft:diamond_boots":1,"minecraft:furnace":1,"minecraft:acacia_planks":28,"minecraft:bread":21,"minecraft:air":0,"minecraft:diamond_chestplate":1,"minecraft:wheat":171},"minecraft:picked_up":{"minecraft:raw_iron":28,"minecraft:wheat":15,"minecraft:andesite":16,"minecraft:acacia_log":7,"minecraft:porkchop":2,"minecraft:oak_log":5,"minecraft:diorite":34,"minecraft:dirt":12,"minecraft:raw_copper":6,"minecraft:bone":2,"minecraft:arrow":1,"minecraft:diamond":24,"minecraft:wheat_seeds":41,"minecraft:cobbled_deepslate":92,"minecraft:hay_block":19,"minecraft:cobblestone":155},"minecraft:broken":{"minecraft:stone_pickaxe":1},"minecraft:used":{"minecraft:wheat_seeds":15,"minecraft:diorite":34,"minecraft:bread":7,"minecraft:stone_pickaxe":241,"minecraft:iron_pickaxe":118,"minecraft:wooden_pickaxe":9,"minecraft:dirt":2,"minecraft:cobblestone":15,"minecraft:crafting_table":4,"minecraft:furnace":1,"minecraft:diamond_helmet":1,"minecraft:cobbled_deepslate":12,"minecraft:diamond_leggings":1},"minecraft:mined":{"minecraft:hay_block":19,"minecraft:acacia_leaves":2,"minecraft:deepslate_diamond_ore":24,"minecraft:iron_ore":23,"minecraft:wheat":15,"minecraft:andesite":16,"minecraft:grass":3,"minecraft:acacia_log":7,"minecraft:grass_block":3,"minecraft:oak_log":5,"minecraft:deepslate_iron_ore":6,"minecraft:dirt":9,"minecraft:copper_ore":2,"minecraft:stone":158,"minecraft:diorite":34,"minecraft:deepslate":93},"minecraft:custom":{"minecraft:time_since_rest":23861,"minecraft:interact_with_smithing_table":1,"minecraft:interact_with_furnace":5,"minecraft:sprint_one_cm":44099,"minecraft:damage_taken":273,"minecraft:walk_one_cm":41914,"minecraft:mob_kills":2,"minecraft:damage_dealt":361,"minecraft:interact_with_crafting_table":10,"minecraft:fly_one_cm":40762,"minecraft:open_chest":3,"minecraft:crouch_one_cm":13169,"minecraft:play_time":23861,"minecraft:sneak_time":5312,"minecraft:walk_under_water_one_cm":3577,"minecraft:jump":312,"minecraft:walk_on_water_one_cm":8436,"minecraft:time_since_death":23861,"minecraft:total_world_time":23861,"minecraft:fall_one_cm":5175},"minecraft:killed":{"minecraft:skeleton":1,"minecraft:pig":1}},"DataVersion":3578}